"","p_val","avg_log2FC","pct.1","pct.2","p_val_adj","cluster","gene"
"CD48",1.52125020865348e-243,1.28000387599422,0.893,0.675,2.12975029211487e-241,"6","CD48"
"CD45",3.46206140740696e-242,1.82008055579316,0.897,0.694,4.84688597036974e-240,"6","CD45"
"CD38",6.75248955997807e-242,1.31225818056511,0.92,0.751,9.4534853839693e-240,"6","CD38"
"ITGAL",9.54524813178909e-225,1.09537267799135,0.987,0.948,1.33633473845047e-222,"6","ITGAL"
"NCR1",2.76678292881031e-215,2.19263222328001,0.804,0.592,3.87349610033444e-213,"6","NCR1"
"CD7",1.35875281198121e-179,-9.71657171870971,0.875,0.727,1.90225393677369e-177,"6","CD7"
"CD244",1.36312527922868e-176,1.07673772521323,0.846,0.658,1.90837539092016e-174,"6","CD244"
"KLRD1",2.08426276365161e-172,4.47137865601574,0.793,0.617,2.91796786911225e-170,"6","KLRD1"
"KIR2DL3",4.52277742646228e-169,-7.43577426757579,0.178,0.385,6.33188839704720e-167,"6","KIR2DL3"
"KLRB1",1.16620820585002e-165,0.917079609618558,0.571,0.321,1.63269148819002e-163,"6","KLRB1"
"SLAMF6",1.12105621256125e-159,1.85417749506451,0.564,0.328,1.56947869758575e-157,"6","SLAMF6"
"SIGLEC7",6.34227197072618e-155,4.3947786726681,0.669,0.464,8.87918075901665e-153,"6","SIGLEC7"
"IL2RB",2.31861259403045e-151,1.83161807078568,0.473,0.244,3.24605763164263e-149,"6","IL2RB"
"CD45RA",1.90748623642019e-147,0.235502322226569,0.969,0.93,2.67048073098826e-145,"6","CD45RA"
"ITGA4",4.48470316703853e-129,-3.56218187553032,0.643,0.421,6.27858443385394e-127,"6","ITGA4"
"KIR2DL1",1.29335106498992e-128,-8.77313501805068,0.096,0.263,1.81069149098589e-126,"6","KIR2DL1"
"HLA-A",1.99689458074483e-121,0.966881144777973,0.627,0.418,2.79565241304277e-119,"6","HLA-A"
"FCGR3A",1.14807574896901e-105,3.0737743922711,0.891,0.771,1.60730604855661e-103,"6","FCGR3A"
"CD99",7.61171523615532e-101,0.917092862121569,0.932,0.819,1.06564013306175e-98,"6","CD99"
"ITGB2",7.29791409782005e-100,1.84045105709513,0.966,0.918,1.02170797369481e-97,"6","ITGB2"
"KIR3DL1",9.72405247319869e-99,-6.36209153930125,0.089,0.237,1.36136734624782e-96,"6","KIR3DL1"
"ITGB1",3.23269975008546e-98,1.20658944939945,0.677,0.524,4.52577965011964e-96,"6","ITGB1"
"CD69",8.80562339014511e-96,-1.79264578902512,0.446,0.261,1.23278727462031e-93,"6","CD69"
"TIGIT",5.38437783148706e-94,5.25807283995984,0.347,0.186,7.53812896408189e-92,"6","TIGIT"
"CD47",7.6500541480088e-94,1.67415058045256,0.378,0.209,1.07100758072123e-91,"6","CD47"
"ITGAM",4.97410667535176e-93,5.44342438544339,0.449,0.275,6.96374934549246e-91,"6","ITGAM"
"FAS",3.85210223045326e-70,1.71248904297451,0.317,0.178,5.39294312263456e-68,"6","FAS"
"CD81",1.61126310897244e-67,1.57335011337392,0.3,0.164,2.25576835256142e-65,"6","CD81"
"KLRG1",1.19008890353404e-64,1.25993942714495,0.212,0.101,1.66612446494766e-62,"6","KLRG1"
"KLRK1",1.84029553112848e-62,-0.196858135856449,0.267,0.14,2.57641374357987e-60,"6","KLRK1"
"ADGRG1",1.71082705162862e-61,-2.73514199648185,0.708,0.559,2.39515787228007e-59,"6","ADGRG1"
"B3GAT1",1.25278865384514e-46,-7.05098155072674,0.093,0.183,1.7539041153832e-44,"6","B3GAT1"
"CD4",9.02011338923405e-45,5.87338205587576,0.061,0.017,1.26281587449277e-42,"6","CD4"
"CD5",1.98924801800478e-42,4.35907897713916,0.079,0.041,2.78494722520669e-40,"6","CD5"
"human(Ig)",7.80106493962092e-40,-2.24029439950188,0.31,0.199,1.09214909154693e-37,"6","human(Ig)"
"ICOS",7.77148699371616e-39,6.8569100989959,0.067,0.021,1.08800817912026e-36,"6","ICOS"
"CD82",3.52614920741935e-31,0.56306998971752,0.076,0.027,4.93660889038709e-29,"6","CD82"
"CD2",1.93789804081194e-30,2.72854376065773,0.384,0.331,2.71305725713671e-28,"6","CD2"
"SLAMF7",3.69185977066628e-30,1.05539410966998,0.155,0.086,5.1686036789328e-28,"6","SLAMF7"
"IFNGR1",5.70316484310224e-30,1.32504198939449,0.111,0.053,7.98443078034314e-28,"6","IFNGR1"
"CD28",9.40708531226626e-30,1.58429809587893,0.057,0.02,1.31699194371728e-27,"6","CD28"
"NCAM1",2.69661527260351e-29,-8.57742901145366,0.639,0.566,3.77526138164491e-27,"6","NCAM1"
"CD58",8.16423714996951e-27,1.41953670287781,0.103,0.05,1.14299320099573e-24,"6","CD58"
"CD3D",5.21035974393645e-26,-2.07580128087582,0.102,0.107,7.29450364151103e-24,"6","CD3D"
"ITGAX",4.58271002376528e-24,7.4270280733721,0.556,0.496,6.41579403327139e-22,"6","ITGAX"
"human(TCR) ",5.08451570939022e-23,-0.578922413122382,0.173,0.108,7.11832199314631e-21,"6","human(TCR) "
"human(TCR).1",1.21888545321193e-21,0.234463310914485,0.207,0.137,1.7064396344967e-19,"6","human(TCR).1"
"ICAM1",3.56700913192421e-21,7.04706169959821,0.462,0.381,4.99381278469389e-19,"6","ICAM1"
"TNFRSF14",2.41301449353106e-20,1.65454529820832,0.064,0.027,3.37822029094349e-18,"6","TNFRSF14"
"ITGAE",6.564687198109e-19,7.30070757179398,0.153,0.097,9.1905620773526e-17,"6","ITGAE"
"ITGA6",1.55370687129027e-16,1.53846831121176,0.043,0.016,2.17518961980637e-14,"6","ITGA6"
"IL7R",3.44197630535863e-16,3.04602891535776,0.037,0.013,4.81876682750208e-14,"6","IL7R"
"CD101",1.05446019102112e-15,0.791310755039643,0.069,0.034,1.47624426742957e-13,"6","CD101"
"CD52",2.74827793442002e-14,1.64781073279685,0.055,0.028,3.84758910818803e-12,"6","CD52"
"ANPEP",6.96564762720205e-14,-7.35127652292284,0.135,0.09,9.75190667808286e-12,"6","ANPEP"
"DPP4",3.05978798347689e-13,3.47258486377715,0.051,0.029,4.28370317686765e-11,"6","DPP4"
"SELL",5.73112836764787e-13,2.36871750710655,0.263,0.328,8.02357971470702e-11,"6","SELL"
"CD44",5.8956659974586e-13,0.507918104828308,0.701,0.634,8.25393239644204e-11,"6","CD44"
"ITGB7",7.76214670916681e-13,-5.82646514657378,0.072,0.04,1.08670053928335e-10,"6","ITGB7"
"CLEC12A",5.35750324354827e-12,4.63924075330366,0.177,0.133,7.50050454096758e-10,"6","CLEC12A"
"FCGR1A",5.92490073250593e-11,8.95272416721805,0.092,0.059,8.29486102550831e-09,"6","FCGR1A"
"C5AR1",7.75520106127582e-11,3.47757350868935,0.095,0.061,1.08572814857861e-08,"6","C5AR1"
"TCR-AB",2.88763405544198e-10,13.7246586744054,0.068,0.056,4.04268767761878e-08,"6","TCR-AB"
"HLA-E",2.95056273353529e-10,1.00337251531358,0.094,0.061,4.13078782694941e-08,"6","HLA-E"
"CR1",5.6586064152091e-10,6.23998944711254,0.107,0.073,7.92204898129274e-08,"6","CR1"
"Human-Ig",9.61692670153914e-10,-0.817648118414542,0.045,0.03,1.34636973821548e-07,"6","Human-Ig"
"PECAM1",2.49923229533782e-09,2.79005948035889,0.077,0.05,3.49892521347295e-07,"6","PECAM1"
"CX3CR1",8.74186827592281e-09,0.38108468013901,0.176,0.134,1.22386155862919e-06,"6","CX3CR1"
"FCGR2A",1.14079382156657e-08,-9.00139305401071,0.083,0.054,1.5971113501932e-06,"6","FCGR2A"
"BTLA",2.128114278021e-08,0.528578661450197,0.04,0.021,2.97935998922941e-06,"6","BTLA"
"CD27",7.80890146042374e-08,0.34559978512659,0.078,0.06,1.09324620445932e-05,"6","CD27"
"LAMP1",2.03878697885038e-07,-4.1254171922373,0.032,0.016,2.85430177039054e-05,"6","LAMP1"
"TFRC",3.75855815123802e-06,-7.9878070152827,0.029,0.042,0.000526198141173322,"6","TFRC"
"CD33",1.79071359494845e-05,11.9451908942697,0.172,0.145,0.00250699903292783,"6","CD33"
"HLA-DRA",2.37497926971414e-05,-0.344728458205744,0.068,0.048,0.0033249709775998,"6","HLA-DRA"
"IGKC",3.08918406026529e-05,-1.69334274205032,0.044,0.034,0.00432485768437141,"6","IGKC"
"CD1C",3.4065877127352e-05,12.8611534045333,0.059,0.041,0.00476922279782928,"6","CD1C"
"NT5E",0.000122992818486569,-2.83138496928761,0.04,0.026,0.0172189945881196,"6","NT5E"
"OLR1",0.000242629049659636,2.14759771959981,0.047,0.032,0.0339680669523491,"6","OLR1"
"CD86",0.000250308717736082,6.08591723120267,0.079,0.061,0.0350432204830515,"6","CD86"
"CR2",0.00026057747082253,5.87485565381188,0.117,0.095,0.0364808459151542,"6","CR2"
"CXCR3",0.000394650676424624,1.9551355212099,0.01,0.004,0.0552510946994474,"6","CXCR3"
"TNFRSF4",0.000470469049937685,1.41311479901141,0.014,0.007,0.0658656669912759,"6","TNFRSF4"
"LILRB1",0.000491150796604013,2.0381971122709,0.013,0.009,0.0687611115245618,"6","LILRB1"
"IL3RA",0.00126478883896467,-2.02288081412494,0.118,0.097,0.177070437455054,"6","IL3RA"
"CD14",0.00154262395692144,-1.41478483239465,0.068,0.052,0.215967353969001,"6","CD14"
"IGHM",0.0024328941399726,-4.09975733038165,0.024,0.024,0.340605179596164,"6","IGHM"
"PVR",0.00351172012977271,1.78407327960101,0.022,0.014,0.49164081816818,"6","PVR"
"CD8A",0.00468637062060845,-1.96898408416021,0.373,0.344,0.656091886885183,"6","CD8A"
"ITGA1",0.00487766513048098,2.60003690717442,0.161,0.158,0.682873118267337,"6","ITGA1"
"CD22",0.0049750087497763,1.43213191595518,0.052,0.04,0.696501224968683,"6","CD22"
"FCER2",0.00567810106001372,-0.750309449923341,0.012,0.007,0.794934148401921,"6","FCER2"
"ENTPD1",0.0070645859599137,-0.844194771650523,0.095,0.078,0.989042034387918,"6","ENTPD1"
"IGHD",0.0077991315365337,-10.0657722769736,0.068,0.054,1,"6","IGHD"
"KIR2DL1.1",0,9.98492503776704,0.432,0.088,0,"8","KIR2DL1"
"KIR2DL3.1",0,8.88007168462567,0.611,0.162,0,"8","KIR2DL3"
"KIR3DL1.1",0,7.95603192320246,0.391,0.08,0,"8","KIR3DL1"
"CD99.1",5.18836365665006e-118,-1.01124617452693,0.961,0.832,7.26370911931008e-116,"8","CD99"
"KLRD1.1",2.61531888883892e-87,-5.43007651578373,0.602,0.734,3.66144644437449e-85,"8","KLRD1"
"B3GAT1.1",2.65930861576485e-78,8.59834735403351,0.23,0.107,3.7230320620708e-76,"8","B3GAT1"
"ADGRG1.1",5.10632364009525e-78,4.26626048873345,0.738,0.579,7.14885309613335e-76,"8","ADGRG1"
"CD44.1",2.2011988431111e-73,-3.54228502113864,0.581,0.698,3.08167838035553e-71,"8","CD44"
"ICAM1.1",6.88869110926987e-64,-6.91675415702282,0.323,0.456,9.64416755297782e-62,"8","ICAM1"
"NCAM1.1",4.24505760961353e-55,-15.8022013975678,0.53,0.627,5.94308065345894e-53,"8","NCAM1"
"SELL.1",1.67372187587977e-42,-2.0615337813429,0.214,0.334,2.34321062623167e-40,"8","SELL"
"CX3CR1.1",1.13370037879088e-40,1.03180121425778,0.226,0.122,1.58718053030723e-38,"8","CX3CR1"
"CD7.1",7.23293390852697e-37,11.2136521539566,0.762,0.806,1.01261074719378e-34,"8","CD7"
"CD8A.1",2.31433353705839e-36,3.4459728620302,0.436,0.324,3.24006695188175e-34,"8","CD8A"
"FCGR3A.1",1.74787615432492e-34,-1.47893009934599,0.862,0.809,2.44702661605489e-32,"8","FCGR3A"
"NCR1.1",1.40185444317134e-25,-1.3894640025815,0.626,0.712,1.96259622043988e-23,"8","NCR1"
"CD45.1",5.42647597324307e-24,-0.924987213855063,0.845,0.759,7.59706636254029e-22,"8","CD45"
"CD3D.1",8.80320169067046e-23,-10.1555667494805,0.139,0.091,1.23244823669386e-20,"8","CD3D"
"CD2.1",8.95918110506103e-21,-3.4013098014258,0.312,0.372,1.25428535470854e-18,"8","CD2"
"SIGLEC7.1",1.64334036229899e-18,-2.79873760938568,0.489,0.582,2.30067650721859e-16,"8","SIGLEC7"
"GGT1",8.37748547511646e-18,1.63856245451666,0.004,0.027,1.1728479665163e-15,"8","GGT1"
"CD82.1",2.22966805728094e-16,-1.69343234439051,0.024,0.06,3.12153528019332e-14,"8","CD82"
"CD5.1",5.12874181565134e-16,-6.72212226708146,0.044,0.063,7.18023854191188e-14,"8","CD5"
"ITGAL.1",2.73278116032993e-15,0.347044057649278,0.981,0.959,3.8258936244619e-13,"8","ITGAL"
"KLRK1.1",5.57586633426908e-15,-2.62623590248378,0.153,0.215,7.80621286797671e-13,"8","KLRK1"
"CD4.1",3.29417895486885e-14,-4.44642738135316,0.021,0.043,4.61185053681638e-12,"8","CD4"
"CD226",1.61044961703759e-13,0.627589986214888,0.085,0.046,2.25462946385262e-11,"8","CD226"
"CD28.1",1.6879409627397e-13,-6.15685864931445,0.022,0.043,2.36311734783557e-11,"8","CD28"
"DPP4.1",5.06689100199099e-13,-4.87587758593946,0.021,0.046,7.09364740278739e-11,"8","DPP4"
"ICOS.1",5.91928920404915e-12,-5.58166152573433,0.026,0.048,8.28700488566882e-10,"8","ICOS"
"TFRC.1",3.01694150713068e-11,-3.72905406507197,0.019,0.044,4.22371810998295e-09,"8","TFRC"
"ITGB1.1",7.30069362268783e-11,-0.331670442379346,0.635,0.575,1.0220971071763e-08,"8","ITGB1"
"ITGA6.1",1.8043261839407e-10,-1.62771507309652,0.013,0.034,2.52605665751698e-08,"8","ITGA6"
"ITGA1.1",4.8205847157553e-10,-8.15314469470948,0.134,0.169,6.74881860205742e-08,"8","ITGA1"
"SLAMF6.1",2.36570655917562e-09,-0.731519902302345,0.452,0.425,3.31198918284586e-07,"8","SLAMF6"
"ITGAX.1",1.04998482042044e-08,-6.22835470305771,0.524,0.522,1.46997874858862e-06,"8","ITGAX"
"IL2RB.1",4.95476671208868e-08,-1.37176740058282,0.335,0.351,6.93667339692415e-06,"8","IL2RB"
"TIGIT.1",5.68290775334079e-08,-5.86512531425296,0.25,0.261,7.95607085467711e-06,"8","TIGIT"
"ENTPD1.1",5.83208714783681e-08,-9.30041986627622,0.067,0.093,8.16492200697154e-06,"8","ENTPD1"
"CD48.1",5.10856471141187e-07,-0.364307769697364,0.798,0.761,7.15199059597661e-05,"8","CD48"
"IL7R.1",2.72540636935869e-06,-4.81176053880737,0.014,0.028,0.000381556891710217,"8","IL7R"
"TCR-AB.1",2.50075438102464e-05,-12.2772318892134,0.076,0.055,0.00350105613343449,"8","TCR-AB"
"CR2.1",4.41965806368664e-05,-4.31032774318686,0.086,0.112,0.00618752128916129,"8","CR2"
"ITGAE.1",9.47875107678392e-05,-7.59810876309516,0.103,0.129,0.0132702515074975,"8","ITGAE"
"CD27.1",0.000119652616483113,-5.72874687280827,0.057,0.073,0.0167513663076359,"8","CD27"
"PECAM1.1",0.000453622000039707,-1.53104685315479,0.049,0.067,0.063507080005559,"8","PECAM1"
"HLA-E.1",0.000609212607410034,0.306209437541142,0.091,0.07,0.0852897650374048,"8","HLA-E"
"ANPEP.1",0.00131668206500027,8.68049786035639,0.095,0.117,0.184335489100037,"8","ANPEP"
"ITGB2.1",0.00153125185775841,-0.594047594738385,0.951,0.935,0.214375260086178,"8","ITGB2"
"CD47.1",0.00155762814278327,-0.473466577505337,0.297,0.279,0.218067939989658,"8","CD47"
"IL2RA",0.0018516637361426,-8.83840838047655,0.009,0.017,0.259232923059964,"8","IL2RA"
"TNFRSF9",0.00201840785145738,-2.93628483449588,0.01,0.017,0.282577099204034,"8","TNFRSF9"
"FAS.1",0.00203249894716273,-1.08096483331009,0.234,0.243,0.284549852602783,"8","FAS"
"CR1.1",0.00357297311494303,-4.64843797960315,0.074,0.094,0.500216236092024,"8","CR1"
"CD52.1",0.00405236913651619,-0.384089396302903,0.036,0.042,0.567331679112267,"8","CD52"
"IGKC.1",0.00489154694026406,-5.0939792106071,0.044,0.037,0.684816571636969,"8","IGKC"
"FCGR2A.1",0.00906221868026794,10.5584568011538,0.06,0.07,1,"8","FCGR2A"
"NT5E.1",0.00950510889179128,-8.23530736058678,0.025,0.035,1,"8","NT5E"
"ITGAL.2",6.45033895380384e-284,-6.84840526175594,0.928,0.972,9.03047453532538e-282,"17","ITGAL"
"CD45.2",5.09128639149088e-283,-6.30083798853272,0.526,0.827,7.12780094808723e-281,"17","CD45"
"CD244.1",7.88084084943241e-249,-5.65100932661273,0.485,0.784,1.10331771892054e-246,"17","CD244"
"ITGA4.1",7.95901460960272e-235,-8.38383893144985,0.182,0.576,1.11426204534438e-232,"17","ITGA4"
"NCR1.2",9.77954589905269e-233,-6.20839065913734,0.402,0.734,1.36913642586738e-230,"17","NCR1"
"ITGB2.2",6.60429241719239e-225,-11.5009347876859,0.846,0.955,9.24600938406934e-223,"17","ITGB2"
"CD48.2",9.14876031697466e-224,-3.30622442085919,0.517,0.814,1.28082644437645e-221,"17","CD48"
"CD38.1",1.9070288949654e-217,-4.84465016487284,0.691,0.848,2.66984045295157e-215,"17","CD38"
"KLRD1.2",6.23548408184085e-204,-9.41579060048433,0.441,0.737,8.72967771457719e-202,"17","KLRD1"
"CD45RA.1",6.09858576048664e-202,-1.21750042094785,0.926,0.951,8.5380200646813e-200,"17","CD45RA"
"SLAMF6.2",9.46560507298869e-201,-5.2770826035726,0.122,0.484,1.32518471021842e-198,"17","SLAMF6"
"KLRB1.1",9.65562095240733e-196,-8.87879677990856,0.131,0.482,1.35178693333703e-193,"17","KLRB1"
"ITGB1.2",6.54815518755546e-195,-4.06560924054396,0.305,0.64,9.16741726257764e-193,"17","ITGB1"
"CD7.2",1.46522012470033e-193,-24.1666623385101,0.599,0.825,2.05130817458046e-191,"17","CD7"
"HLA-A.1",1.04932542473409e-191,-6.01090555718197,0.214,0.561,1.46905559462772e-189,"17","HLA-A"
"ADGRG1.2",1.08868622243369e-159,-11.5017576491719,0.399,0.663,1.52416071140716e-157,"17","ADGRG1"
"IL2RB.2",5.25228284196085e-153,-4.97356875810926,0.089,0.389,7.35319597874519e-151,"17","IL2RB"
"CD69.1",3.86824868214034e-149,-15.257941613566,0.097,0.384,5.41554815499648e-147,"17","CD69"
"SIGLEC7.2",1.17889831568513e-142,-27.6981366004149,0.323,0.594,1.65045764195918e-140,"17","SIGLEC7"
"NCAM1.2",1.12518184294491e-137,-21.3386614424183,0.387,0.634,1.57525458012287e-135,"17","NCAM1"
"ITGAM.1",2.1192373449618e-132,-9.67958236587964,0.114,0.392,2.96693228294653e-130,"17","ITGAM"
"CD99.2",3.95379038632197e-112,-7.46771196048118,0.819,0.878,5.53530654085076e-110,"17","CD99"
"CD47.2",3.96938084616852e-112,-4.76074166555379,0.08,0.319,5.55713318463593e-110,"17","CD47"
"KLRK1.2",1.59267647520589e-107,-7.99883241270956,0.027,0.225,2.22974706528824e-105,"17","KLRK1"
"human(Ig).1",7.49854843095643e-97,-7.8093564784692,0.061,0.279,1.0497967803339e-94,"17","human(Ig)"
"CD81.1",1.3043039694201e-96,-4.29005843197528,0.049,0.254,1.82602555718814e-94,"17","CD81"
"TIGIT.2",4.23528452519884e-90,-10.7953072915917,0.082,0.287,5.92939833527838e-88,"17","TIGIT"
"ICAM1.2",1.74884153655019e-87,-8.67431789594891,0.231,0.448,2.44837815117027e-85,"17","ICAM1"
"FAS.2",8.91070506669603e-87,-4.55591329174867,0.071,0.268,1.24749870933744e-84,"17","FAS"
"KIR2DL3.2",2.41789980403633e-75,-16.3675981656415,0.177,0.312,3.38505972565087e-73,"17","KIR2DL3"
"CD2.2",5.37311401419088e-73,-8.1616922769161,0.2,0.38,7.52235961986724e-71,"17","CD2"
"FCGR3A.2",1.43616785260583e-72,-10.9067236254017,0.807,0.828,2.01063499364816e-70,"17","FCGR3A"
"SLAMF7.1",2.03695252370477e-66,-4.50038915457649,0.011,0.134,2.85173353318667e-64,"17","SLAMF7"
"human(TCR).1.1",2.10398010791136e-65,0.78213250047739,0.037,0.19,2.94557215107591e-63,"17","human(TCR).1"
"KLRG1.1",2.21686503603157e-63,-9.87902700980431,0.036,0.169,3.1036110504442e-61,"17","KLRG1"
"CD44.2",4.8015538766207e-58,-3.90845794622326,0.541,0.684,6.72217542726898e-56,"17","CD44"
"ITGAX.2",1.71940949555426e-56,-14.6554487789006,0.381,0.546,2.40717329377596e-54,"17","ITGAX"
"CX3CR1.2",2.23952325100793e-56,-3.10176376477283,0.037,0.171,3.13533255141111e-54,"17","CX3CR1"
"KIR2DL1.2",3.37102669744387e-55,-13.5184924355856,0.105,0.202,4.71943737642142e-53,"17","KIR2DL1"
"human(TCR) .1",7.08189364980104e-54,-3.55030849709506,0.029,0.155,9.91465110972146e-52,"17","human(TCR) "
"KIR3DL1.2",1.28616622575861e-49,-18.6289364706481,0.077,0.186,1.80063271606206e-47,"17","KIR3DL1"
"IFNGR1.1",4.21531607193318e-45,-5.61693452426051,0.007,0.091,5.90144250070646e-43,"17","IFNGR1"
"CD58.1",3.25388661603185e-38,-4.58832069981617,0.009,0.084,4.55544126244459e-36,"17","CD58"
"CD226.1",9.93043344259925e-38,-5.74906926218344,0.003,0.067,1.3902606819639e-35,"17","CD226"
"CLEC12A.1",4.06438893863431e-36,-11.8467284750441,0.063,0.168,5.69014451408803e-34,"17","CLEC12A"
"CD82.2",1.60576601913444e-32,-6.55621840616958,0.002,0.057,2.24807242678822e-30,"17","CD82"
"TNFRSF14.1",6.72590667337832e-30,-5.30128185644031,0.001,0.051,9.41626934272964e-28,"17","TNFRSF14"
"C5AR1.1",3.13230499720357e-29,-6.71923789089034,0.016,0.086,4.385226996085e-27,"17","C5AR1"
"ANPEP.2",3.38612048038006e-26,-10.7100734849153,0.043,0.121,4.74056867253209e-24,"17","ANPEP"
"HLA-E.2",1.16176276925702e-24,-4.21597512527853,0.022,0.085,1.62646787695983e-22,"17","HLA-E"
"CD33.1",6.05347687389469e-24,-27.9943920892066,0.083,0.17,8.47486762345256e-22,"17","CD33"
"ITGA1.2",2.19988225793873e-22,-14.6656695364451,0.096,0.17,3.07983516111422e-20,"17","ITGA1"
"TFRC.2",5.68551285942877e-22,-17.0705755354409,0.003,0.042,7.95971800320028e-20,"17","TFRC"
"IL3RA.1",3.73161193565212e-21,-9.07533794097213,0.044,0.117,5.22425670991297e-19,"17","IL3RA"
"B3GAT1.2",1.37191891409318e-20,-10.0009247038795,0.212,0.131,1.92068647973045e-18,"17","B3GAT1"
"ICOS.2",1.38475427505479e-19,-9.45469625114169,0.006,0.047,1.93865598507671e-17,"17","ICOS"
"ITGAE.2",2.84370604246966e-18,-11.1075742803738,0.063,0.132,3.98118845945752e-16,"17","ITGAE"
"FCGR2A.2",3.67740278930619e-18,-13.7635431218219,0.022,0.075,5.14836390502867e-16,"17","FCGR2A"
"ENTPD1.2",3.37939018265914e-17,-14.086177186912,0.038,0.093,4.7311462557228e-15,"17","ENTPD1"
"PECAM1.2",1.81646632483072e-16,-5.71411337695494,0.021,0.069,2.54305285476301e-14,"17","PECAM1"
"Human-Ig.1",6.51198461411401e-16,-16.7991678351221,0.006,0.042,9.11677845975961e-14,"17","Human-Ig"
"CD28.2",1.1448105760898e-15,-9.38046753788821,0.007,0.042,1.60273480652572e-13,"17","CD28"
"CD52.2",1.52408062120199e-15,-6.20373390189241,0.009,0.045,2.13371286968279e-13,"17","CD52"
"CD101.1",4.6218356998257e-15,-4.55415206252018,0.015,0.055,6.47056997975598e-13,"17","CD101"
"ITGB7.1",5.24092685597812e-15,-9.11128916267655,0.018,0.061,7.33729759836936e-13,"17","ITGB7"
"CD8A.2",1.13616253930018e-14,-12.6480256377548,0.307,0.365,1.59062755502026e-12,"17","CD8A"
"CD5.2",1.43149087600515e-14,-10.6750550843092,0.032,0.062,2.00408722640721e-12,"17","CD5"
"CR1.2",1.75234707684594e-14,-15.3796472876008,0.044,0.096,2.45328590758431e-12,"17","CR1"
"FCGR1A.1",2.6932379858923e-14,-13.473028733364,0.032,0.081,3.77053318024922e-12,"17","FCGR1A"
"IGKC.2",3.41978010117401e-14,-16.581724856296,0.009,0.044,4.78769214164361e-12,"17","IGKC"
"SELL.2",1.28613729588169e-13,-6.60077939602525,0.254,0.307,1.80059221423437e-11,"17","SELL"
"CD4.2",3.39707731084358e-13,-11.6397259698128,0.011,0.041,4.75590823518101e-11,"17","CD4"
"BTLA.1",7.89636058193937e-13,-3.96979389515034,0.005,0.034,1.10549048147151e-10,"17","BTLA"
"CD86.1",1.48152063381585e-12,-15.6861612614103,0.03,0.075,2.07412888734218e-10,"17","CD86"
"DPP4.2",4.47809049166747e-12,-7.99234121041231,0.012,0.043,6.26932668833446e-10,"17","DPP4"
"HLA-DRA.1",7.53011638389895e-12,-5.76121503311383,0.024,0.062,1.05421629374585e-09,"17","HLA-DRA"
"CD3D.2",9.63339139468598e-12,-13.063285962107,0.096,0.106,1.34867479525604e-09,"17","CD3D"
"GGT1.1",2.25312123427674e-11,-12.1030304712995,0.002,0.023,3.15436972798744e-09,"17","GGT1"
"CD14.1",4.56130298106258e-11,-4.052503873845,0.026,0.065,6.38582417348761e-09,"17","CD14"
"CD45RO",4.76831607627574e-10,-4.08744604153439,0.008,0.033,6.67564250678603e-08,"17","CD45RO"
"TCR-AB.2",8.31941138278341e-10,-15.3423899279475,0.039,0.065,1.16471759358968e-07,"17","TCR-AB"
"OLR1.1",1.06866879095814e-09,-13.857938350846,0.014,0.043,1.49613630734139e-07,"17","OLR1"
"LAMP1.1",1.53187869525751e-09,-7.84341952073031,0.004,0.026,2.14463017336051e-07,"17","LAMP1"
"IGHM.1",2.5877191592579e-09,-13.7883423677367,0.006,0.027,3.62280682296107e-07,"17","IGHM"
"ITGA6.2",7.07821797047253e-09,-3.95154182874549,0.009,0.031,9.90950515866154e-07,"17","ITGA6"
"TNFRSF9.1",1.31466224029377e-08,-4.56713109032771,0.001,0.017,1.84052713641128e-06,"17","TNFRSF9"
"SIGLEC1",1.82188642665112e-07,-2.9982893722768,0.003,0.02,2.55064099731157e-05,"17","SIGLEC1"
"LAG3",3.28688947093895e-07,-2.43055223603499,0.003,0.018,4.60164525931453e-05,"17","LAG3"
"ITGA2B",2.16275211191304e-06,-4.00621439359553,0.018,0.032,0.000302785295667825,"17","ITGA2B"
"IL7R.2",2.18504701261205e-06,-5.70405413402202,0.008,0.026,0.000305906581765686,"17","IL7R"
"CD163",2.54782886566205e-06,-2.51551070391485,0.017,0.039,0.000356696041192687,"17","CD163"
"ITGA2",5.1347118179999e-06,-5.0120404832512,0.003,0.015,0.000718859654519987,"17","ITGA2"
"CD36",8.20732705432374e-06,-6.23943649721526,0.006,0.022,0.00114902578760532,"17","CD36"
"CD1C.1",1.42148152223683e-05,-15.6220944098673,0.028,0.052,0.00199007413113156,"17","CD1C"
"PVR.1",1.92580900291264e-05,-3.51721371721373,0.006,0.02,0.00269613260407769,"17","PVR"
"TNFRSF4.1",5.5690723989417e-05,-2.97435827080628,0.002,0.011,0.00779670135851838,"17","TNFRSF4"
"MS4A1",5.7930239565363e-05,-12.1274890379625,0.003,0.014,0.00811023353915082,"17","MS4A1"
"CD19",0.000215966473723184,-9.35079088659057,0.044,0.066,0.0302353063212457,"17","CD19"
"CD27.2",0.000240590056037278,-9.25926299866146,0.056,0.07,0.0336826078452189,"17","CD27"
"LILRB1.1",0.000546417967505868,-2.95516476126811,0.003,0.012,0.0764985154508215,"17","LILRB1"
"CD40",0.000635046555746257,-5.9161441879152,0.035,0.049,0.088906517804476,"17","CD40"
"MCAM",0.000759016929199537,-6.52017608002463,0.023,0.042,0.106262370087935,"17","MCAM"
"CD24",0.000795201790654996,-6.08001020095227,0.003,0.011,0.111328250691699,"17","CD24"
"TNFRSF13C",0.000857701479100138,-5.10289691588393,0.01,0.019,0.120078207074019,"17","TNFRSF13C"
"IL2RA.1",0.00158412257335085,-10.8570549317583,0.006,0.016,0.221777160269119,"17","IL2RA"
"NT5E.2",0.00205897411053189,-9.48540856175225,0.02,0.034,0.288256375474465,"17","NT5E"
"SELP",0.00256666073379826,-5.95821164215898,0.008,0.017,0.359332502731756,"17","SELP"
"FCER2.1",0.00268551865279395,-1.6447707998611,0.003,0.01,0.375972611391153,"17","FCER2"
"CD22.1",0.00272045061424581,-10.5363451503347,0.031,0.047,0.380863085994414,"17","CD22"
"IGHD.1",0.00333201586658113,-19.7299146696911,0.044,0.062,0.466482221321359,"17","IGHD"
"CCR4",0.00599063869932045,-10.7291413314293,0.018,0.03,0.838689417904864,"17","CCR4"
"NCAM1.3",0,11.8063119341006,0.88,0.562,0,"18","NCAM1"
"CD99.3",0,1.1433796082256,0.465,0.923,0,"18","CD99"
"FCGR3A.3",3.3948855172264e-297,-18.5037344456512,0.496,0.868,4.75283972411697e-295,"18","FCGR3A"
"SELL.3",9.09098149163334e-256,-0.208939803480582,0.711,0.245,1.27273740882867e-253,"18","SELL"
"CD44.3",1.11243305632e-251,2.4623501631739,0.888,0.634,1.55740627884801e-249,"18","CD44"
"CD38.2",1.70368497600054e-169,-2.05131002898832,0.548,0.863,2.38515896640075e-167,"18","CD38"
"ICAM1.3",2.52680724385171e-156,-4.57439185025282,0.715,0.378,3.53753014139239e-154,"18","ICAM1"
"ADGRG1.3",1.47312723996166e-144,-4.92255693304026,0.307,0.668,2.06237813594632e-142,"18","ADGRG1"
"CD45.3",7.18947449209878e-117,-0.610796038549965,0.523,0.819,1.00652642889383e-114,"18","CD45"
"ITGAL.3",8.83166097038312e-99,-2.50916746350439,0.89,0.975,1.23643253585364e-96,"18","ITGAL"
"KIR2DL3.3",2.69583713207793e-91,-8.02869823790807,0.08,0.321,3.7741719849091e-89,"18","KIR2DL3"
"TFRC.3",1.40435110496084e-81,7.77788562690979,0.152,0.021,1.96609154694518e-79,"18","TFRC"
"HLA-A.2",1.14667485877178e-80,-0.148025926056736,0.271,0.543,1.60534480228049e-78,"18","HLA-A"
"CD48.3",5.94537432155108e-78,-0.686479355805601,0.561,0.8,8.32352405017151e-76,"18","CD48"
"CD8A.3",6.6635610793301e-68,-3.45129017324157,0.16,0.383,9.32898551106214e-66,"18","CD8A"
"KLRD1.3",4.17441414253626e-63,-1.54315298905998,0.865,0.673,5.84417979955077e-61,"18","KLRD1"
"KIR2DL1.3",9.45526011526128e-63,-7.97135678770519,0.04,0.208,1.32373641613658e-60,"18","KIR2DL1"
"CX3CR1.3",7.30851148604243e-62,-3.44196418708974,0.022,0.17,1.02319160804594e-59,"18","CX3CR1"
"CD244.2",1.95782833665021e-51,-0.57649240096412,0.574,0.764,2.74095967131029e-49,"18","CD244"
"B3GAT1.3",2.08781347920452e-48,-13.2887948447743,0.03,0.158,2.92293887088633e-46,"18","B3GAT1"
"KIR3DL1.3",4.44249852307461e-45,-13.2013286859142,0.049,0.187,6.21949793230446e-43,"18","KIR3DL1"
"ITGA1.3",4.65767379611919e-44,0.618984903766615,0.295,0.141,6.52074331456687e-42,"18","ITGA1"
"CD47.3",1.08455071679143e-39,-1.86251357780505,0.14,0.304,1.518371003508e-37,"18","CD47"
"SLAMF6.3",9.41609460820453e-38,-1.26742783218883,0.27,0.454,1.31825324514863e-35,"18","SLAMF6"
"SIGLEC7.3",1.03184140085886e-32,-15.5270371980842,0.57,0.553,1.4445779612024e-30,"18","SIGLEC7"
"KLRB1.2",1.04005695015175e-26,0.615658335217528,0.298,0.45,1.45607973021245e-24,"18","KLRB1"
"ENTPD1.3",1.7631513986217e-26,4.07360988243372,0.157,0.076,2.46841195807038e-24,"18","ENTPD1"
"KLRG1.2",9.14037905735883e-25,-2.15298725889075,0.062,0.162,1.27965306803024e-22,"18","KLRG1"
"GGT1.2",6.68544663413116e-23,-4.64779556621576,0.064,0.014,9.35962528778362e-21,"18","GGT1"
"TIGIT.3",2.50025219031446e-21,-2.4068356287656,0.153,0.272,3.50035306644025e-19,"18","TIGIT"
"CD3D.3",2.4375957499592e-18,5.30559863617134,0.042,0.113,3.41263404994289e-16,"18","CD3D"
"IL2RA.2",2.06176057957435e-16,9.22101762017334,0.041,0.011,2.88646481140409e-14,"18","IL2RA"
"CD45RA.2",2.2778136002908e-14,-1.0708832257637,0.9,0.954,3.18893904040713e-12,"18","CD45RA"
"CD81.2",4.45078670068994e-14,-1.06540120209631,0.145,0.235,6.23110138096592e-12,"18","CD81"
"CD58.2",1.16661309647102e-13,-2.10988311440543,0.028,0.079,1.63325833505943e-11,"18","CD58"
"TCR-AB.3",2.63158552454569e-12,-14.7490440717594,0.023,0.066,3.68421973436397e-10,"18","TCR-AB"
"TNFRSF9.2",3.91473542639652e-12,4.57279104591658,0.035,0.012,5.48062959695512e-10,"18","TNFRSF9"
"CD69.2",5.49822508182727e-12,4.91979127252913,0.256,0.355,7.69751511455818e-10,"18","CD69"
"CD33.2",2.3064872739426e-11,-21.1199771848046,0.224,0.148,3.22908218351963e-09,"18","CD33"
"NCR1.3",8.88368204915479e-11,-0.691898544498287,0.746,0.679,1.24371548688167e-08,"18","NCR1"
"FAS.3",9.47369135843269e-11,-0.178832145028112,0.167,0.25,1.32631679018058e-08,"18","FAS"
"ITGAX.3",2.0677531585447e-10,-6.26851415802675,0.569,0.516,2.89485442196257e-08,"18","ITGAX"
"TNFRSF14.2",4.50970664244259e-10,-2.55285922122392,0.014,0.048,6.31358929941962e-08,"18","TNFRSF14"
"HLA-E.3",6.65102651466338e-10,-1.93288221951537,0.035,0.082,9.31143712052874e-08,"18","HLA-E"
"CD7.3",1.74006318510648e-09,-10.9333334820436,0.794,0.793,2.43608845914907e-07,"18","CD7"
"Human-Ig.2",2.45838858503477e-09,-7.73496790012846,0.01,0.04,3.44174401904867e-07,"18","Human-Ig"
"ITGB1.3",1.48052696675648e-08,-0.357404336659284,0.521,0.602,2.07273775345907e-06,"18","ITGB1"
"KLRK1.3",5.83909954600996e-08,3.06074986133869,0.247,0.19,8.17473936441394e-06,"18","KLRK1"
"ITGAM.2",1.50186010328016e-06,-3.49463499077827,0.31,0.358,0.000210260414459222,"18","ITGAM"
"CD4.3",1.99460057957069e-06,-5.90270427019494,0.016,0.039,0.000279244081139896,"18","CD4"
"PDCD1",5.62470834985095e-06,4.23076436515653,0.015,0.007,0.000787459168979133,"18","PDCD1"
"CD226.2",6.3009473320197e-06,-0.133201856894563,0.033,0.061,0.000882132626482757,"18","CD226"
"IL3RA.2",6.50536991125873e-06,-2.45998990401065,0.147,0.101,0.000910751787576222,"18","IL3RA"
"IGKC.3",8.21297590530172e-06,-5.66045389256399,0.017,0.042,0.00114981662674224,"18","IGKC"
"DPP4.3",1.20717689527543e-05,-0.542107883505212,0.064,0.035,0.00169004765338561,"18","DPP4"
"CLEC12A.2",7.13323505307856e-05,-7.8597605272658,0.194,0.147,0.00998652907430999,"18","CLEC12A"
"CD36.1",0.000151756272644583,1.68356606991126,0.031,0.018,0.0212458781702416,"18","CD36"
"SLAMF7.2",0.000178833736569142,-0.780536253975384,0.088,0.12,0.0250367231196799,"18","SLAMF7"
"CD86.2",0.000287235786336279,-6.03688638844704,0.096,0.065,0.0402130100870791,"18","CD86"
"CD82.3",0.000615268599687313,1.99060994002961,0.069,0.047,0.0861376039562238,"18","CD82"
"CD45RO.1",0.000626600042540484,1.04753836815116,0.048,0.027,0.0877240059556678,"18","CD45RO"
"IFNGR1.2",0.000745816870644954,-1.23055515790066,0.056,0.082,0.104414361890294,"18","IFNGR1"
"PECAM1.3",0.00163953908441324,-2.42492770084659,0.086,0.059,0.229535471817853,"18","PECAM1"
"ITGA2.1",0.0018074808020387,2.68517692990066,0.022,0.012,0.253047312285418,"18","ITGA2"
"ANPEP.3",0.00237468812487227,-7.21418991958246,0.138,0.107,0.332456337482117,"18","ANPEP"
"human(Ig).2",0.00504195983855355,-5.73618981336238,0.241,0.249,0.705874377397497,"18","human(Ig)"
"ICOS.3",0.00783326370500886,-6.13264405744003,0.029,0.043,1,"18","ICOS"
"LAMP1.2",0.00848431335703514,6.30559874330513,0.019,0.024,1,"18","LAMP1"
"Human-Ig.3",7.32812733295526e-100,9.09967964394072,0.905,0.033,1.02593782661374e-97,"31","Human-Ig"
"IGKC.4",1.69763717921251e-88,9.9216373861269,0.833,0.036,2.37669205089751e-86,"31","IGKC"
"IGHM.2",3.46359815131215e-79,8.63339856498544,0.952,0.02,4.849037411837e-77,"31","IGHM"
"human(Ig).3",3.63062096738478e-30,5.30989623760562,0.024,0.249,5.0828693543387e-28,"31","human(Ig)"
"MS4A1.1",4.58402475516465e-07,4.12935827899158,0.167,0.012,6.41763465723051e-05,"31","MS4A1"
"CD44.4",3.90335699718535e-06,-7.88336181806227,0.333,0.665,0.000546469979605949,"31","CD44"
"CD24.1",9.86198454054081e-06,6.75434129883759,0.143,0.009,0.00138067783567571,"31","CD24"
"Mouse-IgG2a",2.30978540693766e-05,4.96737871278238,0.119,0.009,0.00323369956971273,"31","Mouse-IgG2a"
"BTLA.2",0.00012859030474053,1.74652742305961,0.19,0.029,0.0180026426636742,"31","BTLA"
"ITGA4.2",0.000279046475989147,-7.052267842386,0.238,0.521,0.0390665066384806,"31","ITGA4"
"ICAM1.4",0.000354479833814454,-12.8398447127936,0.143,0.418,0.0496271767340236,"31","ICAM1"
"CD19.1",0.000382459615554353,-2.61486680247714,0.19,0.063,0.0535443461776094,"31","CD19"
"human(TCR) .2",0.000689942058541369,-8.32064973563001,0,0.137,0.0965918881957916,"31","human(TCR) "
"HLA-DRA.2",0.000692442208745525,0.615877358618439,0.19,0.056,0.0969419092243735,"31","HLA-DRA"
"ITGB1.4",0.00107281393934125,-3.02070594522909,0.333,0.593,0.150193951507775,"31","ITGB1"
"IGHD.2",0.00150657713450154,-10.9813603007941,0.143,0.06,0.210920798830215,"31","IGHD"
"CD45.4",0.00175175138520462,-2.67430696216279,0.595,0.785,0.245245193928647,"31","CD45"
"CD38.3",0.00192381041603885,-1.99381022134677,0.976,0.825,0.269333458245439,"31","CD38"
"CD244.3",0.00260609994508808,-3.65278764765174,0.571,0.742,0.364853992312331,"31","CD244"
"KLRD1.4",0.0030284709298818,-11.2701540619208,0.69,0.695,0.423985930183452,"31","KLRD1"
"ITGB2.3",0.00369287688450382,-9.53666110244883,0.857,0.94,0.517002763830534,"31","ITGB2"
"NCR1.4",0.00461997747096978,-3.8905183628527,0.452,0.688,0.64679684593577,"31","NCR1"
"DPP4.4",0.00523005281166093,-0.252483338497162,0.167,0.038,0.73220739363253,"31","DPP4"
"human(TCR).1.2",0.00664073694898135,-5.67626869315934,0.024,0.169,0.929703172857389,"31","human(TCR).1"
"CLEC4C",0.00769536068915443,1.05242227902726,0.143,0.036,1,"31","CLEC4C"
"ADGRG1.4",0.0090940971167986,-11.0592037976341,0.667,0.625,1,"31","ADGRG1"
